/*
Post-Deployment Script Template							
--------------------------------------------------------------------------------------
 This file contains SQL statements that will be appended to the build script.		
 Use SQLCMD syntax to include a file in the post-deployment script.			
 Example:      :r .\myfile.sql								
 Use SQLCMD syntax to reference a variable in the post-deployment script.		
 Example:      :setvar TableName MyTable							
               SELECT * FROM [$(TableName)]					
--------------------------------------------------------------------------------------
*/
DELETE FROM dbo.TRANSACCIONROL
DELETE FROM dbo.TRANSACCION

-- Transacciones
SET IDENTITY_INSERT dbo.TRANSACCION ON

IF NOT EXISTS (SELECT 1 FROM dbo.TRANSACCION  WHERE IDTRANSACCION =   1) INSERT INTO dbo.TRANSACCION (IDTRANSACCION, NOMBRE, ESTADO, MENU, SUBMENU, MENUPADRE) VALUES (  1, 'Clientes', 1, 'Administracion\Clientes', 0, NULL)
IF NOT EXISTS (SELECT 1 FROM dbo.TRANSACCION  WHERE IDTRANSACCION =  11) INSERT INTO dbo.TRANSACCION (IDTRANSACCION, NOMBRE, ESTADO, MENU, SUBMENU, MENUPADRE) VALUES ( 11, 'Propiedades', 1, 'Administracion\Propiedades', 0, NULL)
IF NOT EXISTS (SELECT 1 FROM dbo.TRANSACCION  WHERE IDTRANSACCION =  12) INSERT INTO dbo.TRANSACCION (IDTRANSACCION, NOMBRE, ESTADO, MENU, SUBMENU, MENUPADRE) VALUES ( 21, 'Propietarios', 1, 'Administracion\Propietarios', 0, NULL)
IF NOT EXISTS (SELECT 1 FROM dbo.TRANSACCION  WHERE IDTRANSACCION =  31) INSERT INTO dbo.TRANSACCION (IDTRANSACCION, NOMBRE, ESTADO, MENU, SUBMENU, MENUPADRE) VALUES ( 31, 'Catálogos', 1, 'Catalogo\Catalogos', 0, NULL)
IF NOT EXISTS (SELECT 1 FROM dbo.TRANSACCION  WHERE IDTRANSACCION =  32) INSERT INTO dbo.TRANSACCION (IDTRANSACCION, NOMBRE, ESTADO, MENU, SUBMENU, MENUPADRE) VALUES ( 32, 'Provincias', 1, 'Catalogo\Provincias', 1, 31)
IF NOT EXISTS (SELECT 1 FROM dbo.TRANSACCION  WHERE IDTRANSACCION =  33) INSERT INTO dbo.TRANSACCION (IDTRANSACCION, NOMBRE, ESTADO, MENU, SUBMENU, MENUPADRE) VALUES ( 33, 'Cantones', 1, 'Catalogo\Cantones', 1, 31)
IF NOT EXISTS (SELECT 1 FROM dbo.TRANSACCION  WHERE IDTRANSACCION =  34) INSERT INTO dbo.TRANSACCION (IDTRANSACCION, NOMBRE, ESTADO, MENU, SUBMENU, MENUPADRE) VALUES ( 34, 'Parroquias', 1, 'Catalogo\Parroquias', 1, 31)
IF NOT EXISTS (SELECT 1 FROM dbo.TRANSACCION  WHERE IDTRANSACCION =  35) INSERT INTO dbo.TRANSACCION (IDTRANSACCION, NOMBRE, ESTADO, MENU, SUBMENU, MENUPADRE) VALUES ( 35, 'Barrios', 1, 'Catalogo\Barrios', 1, 31)
IF NOT EXISTS (SELECT 1 FROM dbo.TRANSACCION  WHERE IDTRANSACCION =  36) INSERT INTO dbo.TRANSACCION (IDTRANSACCION, NOMBRE, ESTADO, MENU, SUBMENU, MENUPADRE) VALUES ( 36, 'TiposPropiedad', 1, 'Catalogo\TiposPropiedad', 1, 31)
IF NOT EXISTS (SELECT 1 FROM dbo.TRANSACCION  WHERE IDTRANSACCION = 901) INSERT INTO dbo.TRANSACCION (IDTRANSACCION, NOMBRE, ESTADO, MENU, SUBMENU, MENUPADRE) VALUES (901, 'Roles', 1, 'Seguridad\Roles', 0, NULL)
IF NOT EXISTS (SELECT 1 FROM dbo.TRANSACCION  WHERE IDTRANSACCION = 911) INSERT INTO dbo.TRANSACCION (IDTRANSACCION, NOMBRE, ESTADO, MENU, SUBMENU, MENUPADRE) VALUES (911, 'Permisos', 1, 'Seguridad\Permisos', 0, NULL)
IF NOT EXISTS (SELECT 1 FROM dbo.TRANSACCION  WHERE IDTRANSACCION = 921) INSERT INTO dbo.TRANSACCION (IDTRANSACCION, NOMBRE, ESTADO, MENU, SUBMENU, MENUPADRE) VALUES (921, 'Usuarios', 1, 'Seguridad\Usuarios', 0, NULL)

SET IDENTITY_INSERT dbo.TRANSACCION OFF

-- Roles 
SET IDENTITY_INSERT dbo.ROL ON

IF NOT EXISTS (SELECT 1 FROM dbo.ROL WHERE IDROL = 1) INSERT INTO dbo.ROL (IDROL, NOMBREROL, ESTADOROL) VALUES (1, 'ADMINISTRADOR', 1)

SET IDENTITY_INSERT dbo.ROL OFF

--Transaccion Rol

SET IDENTITY_INSERT dbo.TRANSACCIONROL ON

IF NOT EXISTS (SELECT 1 FROM dbo.TRANSACCIONROL WHERE IDROL = 1 AND IDTRANSACCION =   1) INSERT INTO dbo.TRANSACCIONROL (IDTRANSACCIONROL, IDROL, IDTRANSACCION) VALUES ( 1, 1,   1)
IF NOT EXISTS (SELECT 1 FROM dbo.TRANSACCIONROL WHERE IDROL = 1 AND IDTRANSACCION =  11) INSERT INTO dbo.TRANSACCIONROL (IDTRANSACCIONROL, IDROL, IDTRANSACCION) VALUES ( 2, 1,  11)
IF NOT EXISTS (SELECT 1 FROM dbo.TRANSACCIONROL WHERE IDROL = 1 AND IDTRANSACCION =  21) INSERT INTO dbo.TRANSACCIONROL (IDTRANSACCIONROL, IDROL, IDTRANSACCION) VALUES ( 3, 1,  21)
IF NOT EXISTS (SELECT 1 FROM dbo.TRANSACCIONROL WHERE IDROL = 1 AND IDTRANSACCION =  31) INSERT INTO dbo.TRANSACCIONROL (IDTRANSACCIONROL, IDROL, IDTRANSACCION) VALUES ( 4, 1,  31)
IF NOT EXISTS (SELECT 1 FROM dbo.TRANSACCIONROL WHERE IDROL = 1 AND IDTRANSACCION =  32) INSERT INTO dbo.TRANSACCIONROL (IDTRANSACCIONROL, IDROL, IDTRANSACCION) VALUES ( 5, 1,  32)
IF NOT EXISTS (SELECT 1 FROM dbo.TRANSACCIONROL WHERE IDROL = 1 AND IDTRANSACCION =  33) INSERT INTO dbo.TRANSACCIONROL (IDTRANSACCIONROL, IDROL, IDTRANSACCION) VALUES ( 6, 1,  33)
IF NOT EXISTS (SELECT 1 FROM dbo.TRANSACCIONROL WHERE IDROL = 1 AND IDTRANSACCION =  34) INSERT INTO dbo.TRANSACCIONROL (IDTRANSACCIONROL, IDROL, IDTRANSACCION) VALUES ( 7, 1,  34)
IF NOT EXISTS (SELECT 1 FROM dbo.TRANSACCIONROL WHERE IDROL = 1 AND IDTRANSACCION =  35) INSERT INTO dbo.TRANSACCIONROL (IDTRANSACCIONROL, IDROL, IDTRANSACCION) VALUES ( 8, 1,  35)
IF NOT EXISTS (SELECT 1 FROM dbo.TRANSACCIONROL WHERE IDROL = 1 AND IDTRANSACCION =  36) INSERT INTO dbo.TRANSACCIONROL (IDTRANSACCIONROL, IDROL, IDTRANSACCION) VALUES ( 9, 1,  36)
IF NOT EXISTS (SELECT 1 FROM dbo.TRANSACCIONROL WHERE IDROL = 1 AND IDTRANSACCION = 901) INSERT INTO dbo.TRANSACCIONROL (IDTRANSACCIONROL, IDROL, IDTRANSACCION) VALUES (10, 1, 901)
IF NOT EXISTS (SELECT 1 FROM dbo.TRANSACCIONROL WHERE IDROL = 1 AND IDTRANSACCION = 911) INSERT INTO dbo.TRANSACCIONROL (IDTRANSACCIONROL, IDROL, IDTRANSACCION) VALUES (11, 1, 911)
IF NOT EXISTS (SELECT 1 FROM dbo.TRANSACCIONROL WHERE IDROL = 1 AND IDTRANSACCION = 921) INSERT INTO dbo.TRANSACCIONROL (IDTRANSACCIONROL, IDROL, IDTRANSACCION) VALUES (12, 1, 921)

SET IDENTITY_INSERT dbo.TRANSACCIONROL OFF

-- Usuarios
SET IDENTITY_INSERT dbo.USUARIO ON

IF NOT EXISTS (SELECT 1 FROM dbo.USUARIO WHERE IDUSUARIO = 1) INSERT INTO dbo.USUARIO (IDUSUARIO, IDROL, NOMBREUSUARIO, IDENTIFICACIONUSUARIO, CORREOUSUARIO, USERNAME, CONTRASENA, ESTADO) VALUES (1, 1, 'JONATHAN GUERRERO', '1725297277', 'administrador@pruebas.com', 'administrador@pruebas.com', PWDENCRYPT('Pruebas.1'), 1)

SET IDENTITY_INSERT dbo.USUARIO OFF

-- Provincias
SET IDENTITY_INSERT dbo.PROVINCIA ON

IF NOT EXISTS (SELECT 1 FROM dbo.PROVINCIA WHERE IDPROVINCIA = 1) INSERT INTO dbo.PROVINCIA (IDPROVINCIA, CODPROVINCIA, NOMBREPROVINCIA, ESTADOPROVINCIA) VALUES (1, '01', 'Azuay', 1)
IF NOT EXISTS (SELECT 1 FROM dbo.PROVINCIA WHERE IDPROVINCIA = 2) INSERT INTO dbo.PROVINCIA (IDPROVINCIA, CODPROVINCIA, NOMBREPROVINCIA, ESTADOPROVINCIA) VALUES (2, '02', 'Bolivar', 1)
IF NOT EXISTS (SELECT 1 FROM dbo.PROVINCIA WHERE IDPROVINCIA = 3) INSERT INTO dbo.PROVINCIA (IDPROVINCIA, CODPROVINCIA, NOMBREPROVINCIA, ESTADOPROVINCIA) VALUES (3, '03', 'Cañar', 1)
IF NOT EXISTS (SELECT 1 FROM dbo.PROVINCIA WHERE IDPROVINCIA = 4) INSERT INTO dbo.PROVINCIA (IDPROVINCIA, CODPROVINCIA, NOMBREPROVINCIA, ESTADOPROVINCIA) VALUES (4, '04', 'Carchi', 1)
IF NOT EXISTS (SELECT 1 FROM dbo.PROVINCIA WHERE IDPROVINCIA = 5) INSERT INTO dbo.PROVINCIA (IDPROVINCIA, CODPROVINCIA, NOMBREPROVINCIA, ESTADOPROVINCIA) VALUES (5, '05', 'Cotopaxi', 1)
IF NOT EXISTS (SELECT 1 FROM dbo.PROVINCIA WHERE IDPROVINCIA = 6) INSERT INTO dbo.PROVINCIA (IDPROVINCIA, CODPROVINCIA, NOMBREPROVINCIA, ESTADOPROVINCIA) VALUES (6, '06', 'Chimborazo', 1)
IF NOT EXISTS (SELECT 1 FROM dbo.PROVINCIA WHERE IDPROVINCIA = 7) INSERT INTO dbo.PROVINCIA (IDPROVINCIA, CODPROVINCIA, NOMBREPROVINCIA, ESTADOPROVINCIA) VALUES (7, '07', 'El Oro', 1)
IF NOT EXISTS (SELECT 1 FROM dbo.PROVINCIA WHERE IDPROVINCIA = 8) INSERT INTO dbo.PROVINCIA (IDPROVINCIA, CODPROVINCIA, NOMBREPROVINCIA, ESTADOPROVINCIA) VALUES (8, '08', 'Esmeraldas', 1)
IF NOT EXISTS (SELECT 1 FROM dbo.PROVINCIA WHERE IDPROVINCIA = 9) INSERT INTO dbo.PROVINCIA (IDPROVINCIA, CODPROVINCIA, NOMBREPROVINCIA, ESTADOPROVINCIA) VALUES (9, '09', 'Guayas', 1)
IF NOT EXISTS (SELECT 1 FROM dbo.PROVINCIA WHERE IDPROVINCIA = 10) INSERT INTO dbo.PROVINCIA (IDPROVINCIA, CODPROVINCIA, NOMBREPROVINCIA, ESTADOPROVINCIA) VALUES (10, '01', 'Imbabura', 1)
IF NOT EXISTS (SELECT 1 FROM dbo.PROVINCIA WHERE IDPROVINCIA = 11) INSERT INTO dbo.PROVINCIA (IDPROVINCIA, CODPROVINCIA, NOMBREPROVINCIA, ESTADOPROVINCIA) VALUES (11, '01', 'Loja', 1)
IF NOT EXISTS (SELECT 1 FROM dbo.PROVINCIA WHERE IDPROVINCIA = 12) INSERT INTO dbo.PROVINCIA (IDPROVINCIA, CODPROVINCIA, NOMBREPROVINCIA, ESTADOPROVINCIA) VALUES (12, '01', 'Los Ríos', 1)
IF NOT EXISTS (SELECT 1 FROM dbo.PROVINCIA WHERE IDPROVINCIA = 13) INSERT INTO dbo.PROVINCIA (IDPROVINCIA, CODPROVINCIA, NOMBREPROVINCIA, ESTADOPROVINCIA) VALUES (13, '01', 'Manabí', 1)
IF NOT EXISTS (SELECT 1 FROM dbo.PROVINCIA WHERE IDPROVINCIA = 14) INSERT INTO dbo.PROVINCIA (IDPROVINCIA, CODPROVINCIA, NOMBREPROVINCIA, ESTADOPROVINCIA) VALUES (14, '01', 'Morona Santiago', 1)
IF NOT EXISTS (SELECT 1 FROM dbo.PROVINCIA WHERE IDPROVINCIA = 15) INSERT INTO dbo.PROVINCIA (IDPROVINCIA, CODPROVINCIA, NOMBREPROVINCIA, ESTADOPROVINCIA) VALUES (15, '01', 'Napo', 1)
IF NOT EXISTS (SELECT 1 FROM dbo.PROVINCIA WHERE IDPROVINCIA = 16) INSERT INTO dbo.PROVINCIA (IDPROVINCIA, CODPROVINCIA, NOMBREPROVINCIA, ESTADOPROVINCIA) VALUES (16, '01', 'Pastaza', 1)
IF NOT EXISTS (SELECT 1 FROM dbo.PROVINCIA WHERE IDPROVINCIA = 17) INSERT INTO dbo.PROVINCIA (IDPROVINCIA, CODPROVINCIA, NOMBREPROVINCIA, ESTADOPROVINCIA) VALUES (17, '01', 'Pichincha', 1)
IF NOT EXISTS (SELECT 1 FROM dbo.PROVINCIA WHERE IDPROVINCIA = 18) INSERT INTO dbo.PROVINCIA (IDPROVINCIA, CODPROVINCIA, NOMBREPROVINCIA, ESTADOPROVINCIA) VALUES (18, '01', 'Tungurahua', 1)
IF NOT EXISTS (SELECT 1 FROM dbo.PROVINCIA WHERE IDPROVINCIA = 19) INSERT INTO dbo.PROVINCIA (IDPROVINCIA, CODPROVINCIA, NOMBREPROVINCIA, ESTADOPROVINCIA) VALUES (19, '01', 'Zamora Chinchipe', 1)
IF NOT EXISTS (SELECT 1 FROM dbo.PROVINCIA WHERE IDPROVINCIA = 20) INSERT INTO dbo.PROVINCIA (IDPROVINCIA, CODPROVINCIA, NOMBREPROVINCIA, ESTADOPROVINCIA) VALUES (20, '01', 'Galápagos', 1)
IF NOT EXISTS (SELECT 1 FROM dbo.PROVINCIA WHERE IDPROVINCIA = 21) INSERT INTO dbo.PROVINCIA (IDPROVINCIA, CODPROVINCIA, NOMBREPROVINCIA, ESTADOPROVINCIA) VALUES (21, '01', 'Sucumbios', 1)
IF NOT EXISTS (SELECT 1 FROM dbo.PROVINCIA WHERE IDPROVINCIA = 22) INSERT INTO dbo.PROVINCIA (IDPROVINCIA, CODPROVINCIA, NOMBREPROVINCIA, ESTADOPROVINCIA) VALUES (22, '01', 'Orellana', 1)
IF NOT EXISTS (SELECT 1 FROM dbo.PROVINCIA WHERE IDPROVINCIA = 23) INSERT INTO dbo.PROVINCIA (IDPROVINCIA, CODPROVINCIA, NOMBREPROVINCIA, ESTADOPROVINCIA) VALUES (23, '01', 'Santo Domingo', 1)
IF NOT EXISTS (SELECT 1 FROM dbo.PROVINCIA WHERE IDPROVINCIA = 24) INSERT INTO dbo.PROVINCIA (IDPROVINCIA, CODPROVINCIA, NOMBREPROVINCIA, ESTADOPROVINCIA) VALUES (24, '01', 'Santa Elena', 1)

SET IDENTITY_INSERT dbo.PROVINCIA OFF

-- Cantones Pichincha
SET IDENTITY_INSERT dbo.CANTON ON

IF NOT EXISTS (SELECT 1 FROM dbo.CANTON WHERE IDCANTON = 1) INSERT INTO dbo.CANTON (IDCANTON, IDPROVINCIA, CODCANTON, NOMBRECANTON, ESTADOCANTON) VALUES (1, 17, '01', 'Quito', 1)
IF NOT EXISTS (SELECT 1 FROM dbo.CANTON WHERE IDCANTON = 2) INSERT INTO dbo.CANTON (IDCANTON, IDPROVINCIA, CODCANTON, NOMBRECANTON, ESTADOCANTON) VALUES (2, 17, '02', 'Cayambe', 1)
IF NOT EXISTS (SELECT 1 FROM dbo.CANTON WHERE IDCANTON = 3) INSERT INTO dbo.CANTON (IDCANTON, IDPROVINCIA, CODCANTON, NOMBRECANTON, ESTADOCANTON) VALUES (3, 17, '03', 'Mejía', 1)
IF NOT EXISTS (SELECT 1 FROM dbo.CANTON WHERE IDCANTON = 4) INSERT INTO dbo.CANTON (IDCANTON, IDPROVINCIA, CODCANTON, NOMBRECANTON, ESTADOCANTON) VALUES (4, 17, '04', 'Pedro Moncayo', 1)
IF NOT EXISTS (SELECT 1 FROM dbo.CANTON WHERE IDCANTON = 5) INSERT INTO dbo.CANTON (IDCANTON, IDPROVINCIA, CODCANTON, NOMBRECANTON, ESTADOCANTON) VALUES (5, 17, '05', 'Rumiñahui', 1)
IF NOT EXISTS (SELECT 1 FROM dbo.CANTON WHERE IDCANTON = 6) INSERT INTO dbo.CANTON (IDCANTON, IDPROVINCIA, CODCANTON, NOMBRECANTON, ESTADOCANTON) VALUES (6, 17, '06', 'Santo Domingo', 1)
IF NOT EXISTS (SELECT 1 FROM dbo.CANTON WHERE IDCANTON = 7) INSERT INTO dbo.CANTON (IDCANTON, IDPROVINCIA, CODCANTON, NOMBRECANTON, ESTADOCANTON) VALUES (7, 17, '07', 'San Miguel de los Bancos', 1)
IF NOT EXISTS (SELECT 1 FROM dbo.CANTON WHERE IDCANTON = 8) INSERT INTO dbo.CANTON (IDCANTON, IDPROVINCIA, CODCANTON, NOMBRECANTON, ESTADOCANTON) VALUES (8, 17, '08', 'Pedro Vicente Maldonado', 1)
IF NOT EXISTS (SELECT 1 FROM dbo.CANTON WHERE IDCANTON = 9) INSERT INTO dbo.CANTON (IDCANTON, IDPROVINCIA, CODCANTON, NOMBRECANTON, ESTADOCANTON) VALUES (9, 17, '09', 'Puerto Quito', 1)

SET IDENTITY_INSERT dbo.CANTON OFF

-- Parroquias Quito
SET IDENTITY_INSERT dbo.PARROQUIA ON

IF NOT EXISTS (SELECT 1 FROM dbo.PARROQUIA WHERE IDPARROQUIA = 1) INSERT INTO dbo.PARROQUIA (IDPARROQUIA, IDCANTON, CODPARROQUIA, NOMBREPARROQUIA, ESTADOPARROQUIA) VALUES (1, 1, '01', 'ALFARO', 1)
IF NOT EXISTS (SELECT 1 FROM dbo.PARROQUIA WHERE IDPARROQUIA = 2) INSERT INTO dbo.PARROQUIA (IDPARROQUIA, IDCANTON, CODPARROQUIA, NOMBREPARROQUIA, ESTADOPARROQUIA) VALUES (2, 1, '02', 'BENALCAZAR', 1)
IF NOT EXISTS (SELECT 1 FROM dbo.PARROQUIA WHERE IDPARROQUIA = 3) INSERT INTO dbo.PARROQUIA (IDPARROQUIA, IDCANTON, CODPARROQUIA, NOMBREPARROQUIA, ESTADOPARROQUIA) VALUES (3, 1, '03', 'COTOCOLLAO', 1)
IF NOT EXISTS (SELECT 1 FROM dbo.PARROQUIA WHERE IDPARROQUIA = 4) INSERT INTO dbo.PARROQUIA (IDPARROQUIA, IDCANTON, CODPARROQUIA, NOMBREPARROQUIA, ESTADOPARROQUIA) VALUES (4, 1, '04', 'CHAUPICRUZ', 1)
IF NOT EXISTS (SELECT 1 FROM dbo.PARROQUIA WHERE IDPARROQUIA = 5) INSERT INTO dbo.PARROQUIA (IDPARROQUIA, IDCANTON, CODPARROQUIA, NOMBREPARROQUIA, ESTADOPARROQUIA) VALUES (5, 1, '05', 'CHILLOGALLO', 1)
IF NOT EXISTS (SELECT 1 FROM dbo.PARROQUIA WHERE IDPARROQUIA = 6) INSERT INTO dbo.PARROQUIA (IDPARROQUIA, IDCANTON, CODPARROQUIA, NOMBREPARROQUIA, ESTADOPARROQUIA) VALUES (6, 1, '06', 'EL SALVADOR', 1)
IF NOT EXISTS (SELECT 1 FROM dbo.PARROQUIA WHERE IDPARROQUIA = 7) INSERT INTO dbo.PARROQUIA (IDPARROQUIA, IDCANTON, CODPARROQUIA, NOMBREPARROQUIA, ESTADOPARROQUIA) VALUES (7, 1, '07', 'GONZALEZ SUAREZ', 1)
IF NOT EXISTS (SELECT 1 FROM dbo.PARROQUIA WHERE IDPARROQUIA = 8) INSERT INTO dbo.PARROQUIA (IDPARROQUIA, IDCANTON, CODPARROQUIA, NOMBREPARROQUIA, ESTADOPARROQUIA) VALUES (8, 1, '08', 'GUAPULO', 1)
IF NOT EXISTS (SELECT 1 FROM dbo.PARROQUIA WHERE IDPARROQUIA = 9) INSERT INTO dbo.PARROQUIA (IDPARROQUIA, IDCANTON, CODPARROQUIA, NOMBREPARROQUIA, ESTADOPARROQUIA) VALUES (9, 1, '09', 'LA FLORESTA', 1)
IF NOT EXISTS (SELECT 1 FROM dbo.PARROQUIA WHERE IDPARROQUIA = 10) INSERT INTO dbo.PARROQUIA (IDPARROQUIA, IDCANTON, CODPARROQUIA, NOMBREPARROQUIA, ESTADOPARROQUIA) VALUES (10, 1, '10', 'LA LIBERTAD', 1)
IF NOT EXISTS (SELECT 1 FROM dbo.PARROQUIA WHERE IDPARROQUIA = 11) INSERT INTO dbo.PARROQUIA (IDPARROQUIA, IDCANTON, CODPARROQUIA, NOMBREPARROQUIA, ESTADOPARROQUIA) VALUES (11, 1, '11', 'LA MAGDALENA', 1)
IF NOT EXISTS (SELECT 1 FROM dbo.PARROQUIA WHERE IDPARROQUIA = 12) INSERT INTO dbo.PARROQUIA (IDPARROQUIA, IDCANTON, CODPARROQUIA, NOMBREPARROQUIA, ESTADOPARROQUIA) VALUES (12, 1, '12', 'LA VICENTINA', 1)
IF NOT EXISTS (SELECT 1 FROM dbo.PARROQUIA WHERE IDPARROQUIA = 13) INSERT INTO dbo.PARROQUIA (IDPARROQUIA, IDCANTON, CODPARROQUIA, NOMBREPARROQUIA, ESTADOPARROQUIA) VALUES (13, 1, '13', 'SAN BLAS', 1)
IF NOT EXISTS (SELECT 1 FROM dbo.PARROQUIA WHERE IDPARROQUIA = 14) INSERT INTO dbo.PARROQUIA (IDPARROQUIA, IDCANTON, CODPARROQUIA, NOMBREPARROQUIA, ESTADOPARROQUIA) VALUES (14, 1, '14', 'SAN MARCOS', 1)
IF NOT EXISTS (SELECT 1 FROM dbo.PARROQUIA WHERE IDPARROQUIA = 15) INSERT INTO dbo.PARROQUIA (IDPARROQUIA, IDCANTON, CODPARROQUIA, NOMBREPARROQUIA, ESTADOPARROQUIA) VALUES (15, 1, '15', 'SAN ROQUE', 1)
IF NOT EXISTS (SELECT 1 FROM dbo.PARROQUIA WHERE IDPARROQUIA = 16) INSERT INTO dbo.PARROQUIA (IDPARROQUIA, IDCANTON, CODPARROQUIA, NOMBREPARROQUIA, ESTADOPARROQUIA) VALUES (16, 1, '16', 'SAN SEBASTIAN', 1)
IF NOT EXISTS (SELECT 1 FROM dbo.PARROQUIA WHERE IDPARROQUIA = 17) INSERT INTO dbo.PARROQUIA (IDPARROQUIA, IDCANTON, CODPARROQUIA, NOMBREPARROQUIA, ESTADOPARROQUIA) VALUES (17, 1, '17', 'SANTA BARBARA', 1)
IF NOT EXISTS (SELECT 1 FROM dbo.PARROQUIA WHERE IDPARROQUIA = 18) INSERT INTO dbo.PARROQUIA (IDPARROQUIA, IDCANTON, CODPARROQUIA, NOMBREPARROQUIA, ESTADOPARROQUIA) VALUES (18, 1, '18', 'SANTA PRISCA', 1)
IF NOT EXISTS (SELECT 1 FROM dbo.PARROQUIA WHERE IDPARROQUIA = 19) INSERT INTO dbo.PARROQUIA (IDPARROQUIA, IDCANTON, CODPARROQUIA, NOMBREPARROQUIA, ESTADOPARROQUIA) VALUES (19, 1, '19', 'VILLA FLORA', 1)
IF NOT EXISTS (SELECT 1 FROM dbo.PARROQUIA WHERE IDPARROQUIA = 20) INSERT INTO dbo.PARROQUIA (IDPARROQUIA, IDCANTON, CODPARROQUIA, NOMBREPARROQUIA, ESTADOPARROQUIA) VALUES (20, 1, '20', 'CARCELEN', 1)
IF NOT EXISTS (SELECT 1 FROM dbo.PARROQUIA WHERE IDPARROQUIA = 21) INSERT INTO dbo.PARROQUIA (IDPARROQUIA, IDCANTON, CODPARROQUIA, NOMBREPARROQUIA, ESTADOPARROQUIA) VALUES (21, 1, '21', 'CHIMBACALLE', 1)
IF NOT EXISTS (SELECT 1 FROM dbo.PARROQUIA WHERE IDPARROQUIA = 22) INSERT INTO dbo.PARROQUIA (IDPARROQUIA, IDCANTON, CODPARROQUIA, NOMBREPARROQUIA, ESTADOPARROQUIA) VALUES (22, 1, '22', 'EL BATAN', 1)
IF NOT EXISTS (SELECT 1 FROM dbo.PARROQUIA WHERE IDPARROQUIA = 23) INSERT INTO dbo.PARROQUIA (IDPARROQUIA, IDCANTON, CODPARROQUIA, NOMBREPARROQUIA, ESTADOPARROQUIA) VALUES (23, 1, '23', 'EL BEATERIO', 1)
IF NOT EXISTS (SELECT 1 FROM dbo.PARROQUIA WHERE IDPARROQUIA = 24) INSERT INTO dbo.PARROQUIA (IDPARROQUIA, IDCANTON, CODPARROQUIA, NOMBREPARROQUIA, ESTADOPARROQUIA) VALUES (24, 1, '24', 'EL INCA', 1)
IF NOT EXISTS (SELECT 1 FROM dbo.PARROQUIA WHERE IDPARROQUIA = 25) INSERT INTO dbo.PARROQUIA (IDPARROQUIA, IDCANTON, CODPARROQUIA, NOMBREPARROQUIA, ESTADOPARROQUIA) VALUES (25, 1, '25', 'ELOY ALFARO', 1)
IF NOT EXISTS (SELECT 1 FROM dbo.PARROQUIA WHERE IDPARROQUIA = 26) INSERT INTO dbo.PARROQUIA (IDPARROQUIA, IDCANTON, CODPARROQUIA, NOMBREPARROQUIA, ESTADOPARROQUIA) VALUES (26, 1, '26', 'GUAMANI', 1)
IF NOT EXISTS (SELECT 1 FROM dbo.PARROQUIA WHERE IDPARROQUIA = 27) INSERT INTO dbo.PARROQUIA (IDPARROQUIA, IDCANTON, CODPARROQUIA, NOMBREPARROQUIA, ESTADOPARROQUIA) VALUES (27, 1, '27', 'LA CONCEPCION', 1)
IF NOT EXISTS (SELECT 1 FROM dbo.PARROQUIA WHERE IDPARROQUIA = 28) INSERT INTO dbo.PARROQUIA (IDPARROQUIA, IDCANTON, CODPARROQUIA, NOMBREPARROQUIA, ESTADOPARROQUIA) VALUES (28, 1, '28', 'LAS CUADRAS', 1)
IF NOT EXISTS (SELECT 1 FROM dbo.PARROQUIA WHERE IDPARROQUIA = 29) INSERT INTO dbo.PARROQUIA (IDPARROQUIA, IDCANTON, CODPARROQUIA, NOMBREPARROQUIA, ESTADOPARROQUIA) VALUES (29, 1, '29', 'BELISARIO QUEVEDO', 1)

SET IDENTITY_INSERT dbo.PARROQUIA OFF